section,ch,load,peak,rssi
channel,1,14,14,-40
channel,2,12,12,-40
channel,3,5,5,-50
channel,4,17,17,-42
channel,5,7,7,-69
channel,6,6,6,-44
channel,7,3,3,-55
channel,8,2,2,-58
channel,9,2,2,-52
channel,10,2,2,-50
channel,11,16,16,-51

section,ssid,bssid,ch,rssi,auth,hidden
ap,,08:7B:87:AB:8D:C0,6,-53,WPA2,True
ap,Haleon-Guest,08:7B:87:AB:8D:C1,6,-53,Open,False
ap,MDCD_PSK,08:7B:87:AB:8D:C2,6,-53,WPA2,False
ap,HH40V_748C,94:27:90:C6:74:8C,3,-67,WEP/Privacy,False
ap,,08:7B:87:AB:7B:20,1,-77,WPA2,True
ap,Haleon-Guest,08:7B:87:AB:7B:21,1,-77,Open,False
ap,MDCD_PSK,08:7B:87:AB:7B:22,1,-77,WPA2,False
ap,,08:7B:87:69:02:A0,11,-77,WPA2,True
ap,Haleon-Guest,08:7B:87:69:02:A1,11,-77,Open,False
ap,MDCD_PSK,08:7B:87:69:02:A2,11,-77,WPA2,False
ap,,08:7B:87:68:C6:E0,11,-84,WPA2,True
ap,MDCD_PSK,08:7B:87:68:C6:E2,11,-84,WPA2,False
ap,,08:7B:87:AC:0B:E0,1,-85,WPA2,True
ap,Haleon-Guest,08:7B:87:AC:0B:E1,1,-85,Open,False
ap,MDCD_PSK,08:7B:87:AC:0B:E2,1,-85,WPA2,False
ap,Haleon-Guest,08:7B:87:68:C6:E1,11,-85,Open,False
ap,,34:5D:A8:0B:34:C0,11,-85,WPA2,True
ap,,75:32:D4:AE:CF:FE,1,-86,Open,True
ap,,B1:BF:2C:84:02:D8,2,-86,WEP/Privacy,True
ap,Haleon-Guest,34:5D:A8:0B:34:C1,11,-86,Open,False
ap,MDCD_PSK,34:5D:A8:0B:34:C2,11,-86,WPA2,False
